S_0,expEuler,impEuler,CN,ADE,BT
0,50,50,50,50,50
0.00200401,49.998,49.998,49.998,49.998,49.998
0.00401606,49.996,49.996,49.996,49.996,49.996
0.00603622,49.994,49.994,49.994,49.994,49.994
0.00806452,49.9919,49.9919,49.9919,49.9919,49.9919
0.010101,49.9899,49.9899,49.9899,49.9899,49.9899
0.0121457,49.9879,49.9879,49.9879,49.9879,49.9879
0.0141988,49.9858,49.9858,49.9858,49.9858,49.9858
0.0162602,49.9837,49.9837,49.9837,49.9837,49.9837
0.0183299,49.9817,49.9817,49.9817,49.9817,49.9817
0.0204082,49.9796,49.9796,49.9796,49.9796,49.9796
0.0224949,49.9775,49.9775,49.9775,49.9775,49.9775
0.0245902,49.9754,49.9754,49.9754,49.9754,49.9754
0.026694,49.9733,49.9733,49.9733,49.9733,49.9733
0.0288066,49.9712,49.9712,49.9712,49.9712,49.9712
0.0309278,49.9691,49.9691,49.9691,49.9691,49.9691
0.0330579,49.9669,49.9669,49.9669,49.9669,49.9669
0.0351967,49.9648,49.9648,49.9648,49.9648,49.9648
0.0373444,49.9627,49.9627,49.9627,49.9627,49.9627
0.039501,49.9605,49.9605,49.9605,49.9605,49.9605
0.0416667,49.9583,49.9583,49.9583,49.9583,49.9583
0.0438413,49.9562,49.9562,49.9562,49.9562,49.9562
0.0460251,49.954,49.954,49.954,49.954,49.954
0.048218,49.9518,49.9518,49.9518,49.9518,49.9518
0.0504202,49.9496,49.9496,49.9496,49.9496,49.9496
0.0526316,49.9474,49.9474,49.9474,49.9474,49.9474
0.0548523,49.9451,49.9451,49.9451,49.9451,49.9451
0.0570825,49.9429,49.9429,49.9429,49.9429,49.9429
0.059322,49.9407,49.9407,49.9407,49.9407,49.9407
0.0615711,49.9384,49.9384,49.9384,49.9384,49.9384
0.0638298,49.9362,49.9362,49.9362,49.9362,49.9362
0.0660981,49.9339,49.9339,49.9339,49.9339,49.9339
0.0683761,49.9316,49.9316,49.9316,49.9316,49.9316
0.0706638,49.9293,49.9293,49.9293,49.9293,49.9293
0.0729614,49.927,49.927,49.927,49.927,49.927
0.0752688,49.9247,49.9247,49.9247,49.9247,49.9247
0.0775862,49.9224,49.9224,49.9224,49.9224,49.9224
0.0799136,49.9201,49.9201,49.9201,49.9201,49.9201
0.0822511,49.9177,49.9177,49.9177,49.9177,49.9177
0.0845987,49.9154,49.9154,49.9154,49.9154,49.9154
0.0869565,49.913,49.913,49.913,49.913,49.913
0.0893246,49.9107,49.9107,49.9107,49.9107,49.9107
0.0917031,49.9083,49.9083,49.9083,49.9083,49.9083
0.0940919,49.9059,49.9059,49.9059,49.9059,49.9059
0.0964912,49.9035,49.9035,49.9035,49.9035,49.9035
0.0989011,49.9011,49.9011,49.9011,49.9011,49.9011
0.101322,49.8987,49.8987,49.8987,49.8987,49.8987
0.103753,49.8962,49.8962,49.8962,49.8962,49.8962
0.106195,49.8938,49.8938,49.8938,49.8938,49.8938
0.108647,49.8914,49.8914,49.8914,49.8914,49.8914
0.111111,49.8889,49.8889,49.8889,49.8889,49.8889
0.113586,49.8864,49.8864,49.8864,49.8864,49.8864
0.116071,49.8839,49.8839,49.8839,49.8839,49.8839
0.118568,49.8814,49.8814,49.8814,49.8814,49.8814
0.121076,49.8789,49.8789,49.8789,49.8789,49.8789
0.123596,49.8764,49.8764,49.8764,49.8764,49.8764
0.126126,49.8739,49.8739,49.8739,49.8739,49.8739
0.128668,49.8713,49.8713,49.8713,49.8713,49.8713
0.131222,49.8688,49.8688,49.8688,49.8688,49.8688
0.133787,49.8662,49.8662,49.8662,49.8662,49.8662
0.136364,49.8636,49.8636,49.8636,49.8636,49.8636
0.138952,49.861,49.861,49.861,49.861,49.861
0.141553,49.8584,49.8584,49.8584,49.8584,49.8584
0.144165,49.8558,49.8558,49.8558,49.8558,49.8558
0.146789,49.8532,49.8532,49.8532,49.8532,49.8532
0.149425,49.8506,49.8506,49.8506,49.8506,49.8506
0.152074,49.8479,49.8479,49.8479,49.8479,49.8479
0.154734,49.8453,49.8453,49.8453,49.8453,49.8453
0.157407,49.8426,49.8426,49.8426,49.8426,49.8426
0.160093,49.8399,49.8399,49.8399,49.8399,49.8399
0.162791,49.8372,49.8372,49.8372,49.8372,49.8372
0.165501,49.8345,49.8345,49.8345,49.8345,49.8345
0.168224,49.8318,49.8318,49.8318,49.8318,49.8318
0.17096,49.829,49.829,49.829,49.829,49.829
0.173709,49.8263,49.8263,49.8263,49.8263,49.8263
0.176471,49.8235,49.8235,49.8235,49.8235,49.8235
0.179245,49.8208,49.8208,49.8208,49.8208,49.8208
0.182033,49.818,49.818,49.818,49.818,49.818
0.184834,49.8152,49.8152,49.8152,49.8152,49.8152
0.187648,49.8124,49.8124,49.8124,49.8124,49.8124
0.190476,49.8095,49.8095,49.8095,49.8095,49.8095
0.193317,49.8067,49.8067,49.8067,49.8067,49.8067
0.196172,49.8038,49.8038,49.8038,49.8038,49.8038
0.199041,49.801,49.801,49.801,49.801,49.801
0.201923,49.7981,49.7981,49.7981,49.7981,49.7981
0.204819,49.7952,49.7952,49.7952,49.7952,49.7952
0.207729,49.7923,49.7923,49.7923,49.7923,49.7923
0.210654,49.7893,49.7893,49.7893,49.7893,49.7893
0.213592,49.7864,49.7864,49.7864,49.7864,49.7864
0.216545,49.7835,49.7835,49.7835,49.7835,49.7835
0.219512,49.7805,49.7805,49.7805,49.7805,49.7805
0.222494,49.7775,49.7775,49.7775,49.7775,49.7775
0.22549,49.7745,49.7745,49.7745,49.7745,49.7745
0.228501,49.7715,49.7715,49.7715,49.7715,49.7715
0.231527,49.7685,49.7685,49.7685,49.7685,49.7685
0.234568,49.7654,49.7654,49.7654,49.7654,49.7654
0.237624,49.7624,49.7624,49.7624,49.7624,49.7624
0.240695,49.7593,49.7593,49.7593,49.7593,49.7593
0.243781,49.7562,49.7562,49.7562,49.7562,49.7562
0.246883,49.7531,49.7531,49.7531,49.7531,49.7531
0.25,49.75,49.75,49.75,49.75,49.75
0.253133,49.7469,49.7469,49.7469,49.7469,49.7469
0.256281,49.7437,49.7437,49.7437,49.7437,49.7437
0.259446,49.7406,49.7406,49.7406,49.7406,49.7406
0.262626,49.7374,49.7374,49.7374,49.7374,49.7374
0.265823,49.7342,49.7342,49.7342,49.7342,49.7342
0.269036,49.731,49.731,49.731,49.731,49.731
0.272265,49.7277,49.7277,49.7277,49.7277,49.7277
0.27551,49.7245,49.7245,49.7245,49.7245,49.7245
0.278772,49.7212,49.7212,49.7212,49.7212,49.7212
0.282051,49.7179,49.7179,49.7179,49.7179,49.7179
0.285347,49.7147,49.7147,49.7147,49.7147,49.7147
0.28866,49.7113,49.7113,49.7113,49.7113,49.7113
0.29199,49.708,49.708,49.708,49.708,49.708
0.295337,49.7047,49.7047,49.7047,49.7047,49.7047
0.298701,49.7013,49.7013,49.7013,49.7013,49.7013
0.302083,49.6979,49.6979,49.6979,49.6979,49.6979
0.305483,49.6945,49.6945,49.6945,49.6945,49.6945
0.308901,49.6911,49.6911,49.6911,49.6911,49.6911
0.312336,49.6877,49.6877,49.6877,49.6877,49.6877
0.315789,49.6842,49.6842,49.6842,49.6842,49.6842
0.319261,49.6807,49.6807,49.6807,49.6807,49.6807
0.322751,49.6772,49.6772,49.6772,49.6772,49.6772
0.32626,49.6737,49.6737,49.6737,49.6737,49.6737
0.329787,49.6702,49.6702,49.6702,49.6702,49.6702
0.333333,49.6667,49.6667,49.6667,49.6667,49.6667
0.336898,49.6631,49.6631,49.6631,49.6632,49.6631
0.340483,49.6595,49.6595,49.6595,49.6596,49.6595
0.344086,49.6559,49.6559,49.6559,49.6561,49.6559
0.347709,49.6523,49.6523,49.6523,49.6525,49.6523
0.351351,49.6486,49.6486,49.6486,49.6489,49.6486
0.355014,49.645,49.645,49.645,49.6453,49.645
0.358696,49.6413,49.6413,49.6413,49.6416,49.6413
0.362398,49.6376,49.6376,49.6376,49.638,49.6376
0.36612,49.6339,49.6339,49.6339,49.6343,49.6339
0.369863,49.6301,49.6301,49.6301,49.6306,49.6301
0.373626,49.6264,49.6264,49.6264,49.6269,49.6264
0.37741,49.6226,49.6226,49.6226,49.6232,49.6226
0.381215,49.6188,49.6188,49.6188,49.6194,49.6188
0.385042,49.615,49.615,49.615,49.6156,49.615
0.388889,49.6111,49.6111,49.6111,49.6118,49.6111
0.392758,49.6072,49.6072,49.6072,49.608,49.6072
0.396648,49.6034,49.6034,49.6034,49.6041,49.6034
0.40056,49.5994,49.5994,49.5994,49.6003,49.5994
0.404494,49.5955,49.5955,49.5955,49.5964,49.5955
0.408451,49.5915,49.5915,49.5915,49.5925,49.5915
0.412429,49.5876,49.5876,49.5876,49.5885,49.5876
0.416431,49.5836,49.5836,49.5836,49.5846,49.5836
0.420455,49.5795,49.5795,49.5795,49.5806,49.5795
0.424501,49.5755,49.5755,49.5755,49.5766,49.5755
0.428571,49.5714,49.5714,49.5714,49.5725,49.5714
0.432665,49.5673,49.5673,49.5673,49.5685,49.5673
0.436782,49.5632,49.5632,49.5632,49.5644,49.5632
0.440922,49.5591,49.5591,49.5591,49.5603,49.5591
0.445087,49.5549,49.5549,49.5549,49.5562,49.5549
0.449275,49.5507,49.5507,49.5507,49.552,49.5507
0.453488,49.5465,49.5465,49.5465,49.5479,49.5465
0.457726,49.5423,49.5423,49.5423,49.5437,49.5423
0.461988,49.538,49.538,49.538,49.5395,49.538
0.466276,49.5337,49.5337,49.5337,49.5352,49.5337
0.470588,49.5294,49.5294,49.5294,49.5309,49.5294
0.474926,49.5251,49.5251,49.5251,49.5266,49.5251
0.47929,49.5207,49.5207,49.5207,49.5223,49.5207
0.48368,49.5163,49.5163,49.5163,49.518,49.5163
0.488095,49.5119,49.5119,49.5119,49.5136,49.5119
0.492537,49.5075,49.5075,49.5075,49.5092,49.5075
0.497006,49.503,49.503,49.503,49.5048,49.503
0.501502,49.4985,49.4985,49.4985,49.5003,49.4985
0.506024,49.494,49.494,49.494,49.4958,49.494
0.510574,49.4894,49.4894,49.4894,49.4913,49.4894
0.515152,49.4848,49.4848,49.4848,49.4868,49.4848
0.519757,49.4802,49.4802,49.4802,49.4822,49.4802
0.52439,49.4756,49.4756,49.4756,49.4776,49.4756
0.529052,49.4709,49.4709,49.4709,49.473,49.4709
0.533742,49.4663,49.4663,49.4663,49.4683,49.4663
0.538462,49.4615,49.4615,49.4615,49.4637,49.4615
0.54321,49.4568,49.4568,49.4568,49.4589,49.4568
0.547988,49.452,49.452,49.452,49.4542,49.452
0.552795,49.4472,49.4472,49.4472,49.4494,49.4472
0.557632,49.4424,49.4424,49.4424,49.4446,49.4424
0.5625,49.4375,49.4375,49.4375,49.4398,49.4375
0.567398,49.4326,49.4326,49.4326,49.435,49.4326
0.572327,49.4277,49.4277,49.4277,49.4301,49.4277
0.577287,49.4227,49.4227,49.4227,49.4251,49.4227
0.582278,49.4177,49.4177,49.4177,49.4202,49.4177
0.587302,49.4127,49.4127,49.4127,49.4152,49.4127
0.592357,49.4076,49.4076,49.4076,49.4102,49.4076
0.597444,49.4026,49.4026,49.4026,49.4051,49.4026
0.602564,49.3974,49.3974,49.3974,49.4001,49.3974
0.607717,49.3923,49.3923,49.3923,49.395,49.3923
0.612903,49.3871,49.3871,49.3871,49.3898,49.3871
0.618123,49.3819,49.3819,49.3819,49.3846,49.3819
0.623377,49.3766,49.3766,49.3766,49.3794,49.3766
0.628664,49.3713,49.3713,49.3713,49.3742,49.3713
0.633987,49.366,49.366,49.366,49.3689,49.366
0.639344,49.3607,49.3607,49.3607,49.3636,49.3607
0.644737,49.3553,49.3553,49.3553,49.3582,49.3553
0.650165,49.3498,49.3498,49.3498,49.3528,49.3498
0.655629,49.3444,49.3444,49.3444,49.3474,49.3444
0.66113,49.3389,49.3389,49.3389,49.3419,49.3389
0.666667,49.3333,49.3333,49.3333,49.3364,49.3333
0.672241,49.3278,49.3278,49.3278,49.3309,49.3278
0.677852,49.3221,49.3221,49.3221,49.3253,49.3221
0.683502,49.3165,49.3165,49.3165,49.3197,49.3165
0.689189,49.3108,49.3108,49.3108,49.3141,49.3108
0.694915,49.3051,49.3051,49.3051,49.3084,49.3051
0.70068,49.2993,49.2993,49.2993,49.3027,49.2993
0.706485,49.2935,49.2935,49.2935,49.2969,49.2935
0.712329,49.2877,49.2877,49.2877,49.2911,49.2877
0.718213,49.2818,49.2818,49.2818,49.2853,49.2818
0.724138,49.2759,49.2759,49.2759,49.2794,49.2759
0.730104,49.2699,49.2699,49.2699,49.2735,49.2699
0.736111,49.2639,49.2639,49.2639,49.2675,49.2639
0.74216,49.2578,49.2578,49.2578,49.2615,49.2578
0.748252,49.2517,49.2517,49.2517,49.2555,49.2517
0.754386,49.2456,49.2456,49.2456,49.2494,49.2456
0.760563,49.2394,49.2394,49.2394,49.2432,49.2394
0.766784,49.2332,49.2332,49.2332,49.2371,49.2332
0.77305,49.227,49.227,49.227,49.2308,49.227
0.779359,49.2206,49.2206,49.2206,49.2246,49.2206
0.785714,49.2143,49.2143,49.2143,49.2183,49.2143
0.792115,49.2079,49.2079,49.2079,49.2119,49.2079
0.798561,49.2014,49.2014,49.2014,49.2055,49.2014
0.805054,49.1949,49.1949,49.1949,49.1991,49.1949
0.811594,49.1884,49.1884,49.1884,49.1926,49.1884
0.818182,49.1818,49.1818,49.1818,49.186,49.1818
0.824818,49.1752,49.1752,49.1752,49.1795,49.1752
0.831502,49.1685,49.1685,49.1685,49.1728,49.1685
0.838235,49.1618,49.1618,49.1618,49.1661,49.1618
0.845018,49.155,49.155,49.155,49.1594,49.155
0.851852,49.1481,49.1481,49.1481,49.1526,49.1481
0.858736,49.1413,49.1413,49.1413,49.1458,49.1413
0.865672,49.1343,49.1343,49.1343,49.1389,49.1343
0.872659,49.1273,49.1273,49.1273,49.132,49.1273
0.879699,49.1203,49.1203,49.1203,49.125,49.1203
0.886792,49.1132,49.1132,49.1132,49.1179,49.1132
0.893939,49.1061,49.1061,49.1061,49.1108,49.1061
0.901141,49.0989,49.0989,49.0989,49.1037,49.0989
0.908397,49.0916,49.0916,49.0916,49.0965,49.0916
0.915709,49.0843,49.0843,49.0843,49.0892,49.0843
0.923077,49.0769,49.0769,49.0769,49.0819,49.0769
0.930502,49.0695,49.0695,49.0695,49.0745,49.0695
0.937984,49.062,49.062,49.062,49.0671,49.062
0.945525,49.0545,49.0545,49.0545,49.0596,49.0545
0.953125,49.0469,49.0469,49.0469,49.0521,49.0469
0.960784,49.0392,49.0392,49.0392,49.0445,49.0392
0.968504,49.0315,49.0315,49.0315,49.0368,49.0315
0.976285,49.0237,49.0237,49.0237,49.0291,49.0237
0.984127,49.0159,49.0159,49.0159,49.0213,49.0159
0.992032,49.008,49.008,49.008,49.0135,49.008
1,49,49,49,49.0056,49
1.00803,48.992,48.992,48.992,48.9976,48.992
1.01613,48.9839,48.9839,48.9839,48.9895,48.9839
1.02429,48.9757,48.9757,48.9757,48.9814,48.9757
1.03252,48.9675,48.9675,48.9675,48.9733,48.9675
1.04082,48.9592,48.9592,48.9592,48.965,48.9592
1.04918,48.9508,48.9508,48.9508,48.9567,48.9508
1.05761,48.9424,48.9424,48.9424,48.9484,48.9424
1.06612,48.9339,48.9339,48.9339,48.9399,48.9339
1.07469,48.9253,48.9253,48.9253,48.9314,48.9253
1.08333,48.9167,48.9167,48.9167,48.9228,48.9167
1.09205,48.9079,48.9079,48.9079,48.9142,48.9079
1.10084,48.8992,48.8992,48.8992,48.9055,48.8992
1.1097,48.8903,48.8903,48.8903,48.8967,48.8903
1.11864,48.8814,48.8814,48.8814,48.8878,48.8814
1.12766,48.8723,48.8723,48.8723,48.8789,48.8723
1.13675,48.8632,48.8632,48.8632,48.8698,48.8632
1.14592,48.8541,48.8541,48.8541,48.8607,48.8541
1.15517,48.8448,48.8448,48.8448,48.8516,48.8448
1.1645,48.8355,48.8355,48.8355,48.8423,48.8355
1.17391,48.8261,48.8261,48.8261,48.833,48.8261
1.18341,48.8166,48.8166,48.8166,48.8235,48.8166
1.19298,48.807,48.807,48.807,48.814,48.807
1.20264,48.7974,48.7974,48.7974,48.8044,48.7974
1.21239,48.7876,48.7876,48.7876,48.7948,48.7876
1.22222,48.7778,48.7778,48.7778,48.785,48.7778
1.23214,48.7679,48.7679,48.7679,48.7752,48.7679
1.24215,48.7578,48.7578,48.7578,48.7652,48.7578
1.25225,48.7477,48.7477,48.7477,48.7552,48.7477
1.26244,48.7376,48.7376,48.7376,48.7451,48.7376
1.27273,48.7273,48.7273,48.7273,48.7349,48.7273
1.28311,48.7169,48.7169,48.7169,48.7246,48.7169
1.29358,48.7064,48.7064,48.7064,48.7142,48.7064
1.30415,48.6959,48.6959,48.6959,48.7037,48.6959
1.31481,48.6852,48.6852,48.6852,48.6932,48.6852
1.32558,48.6744,48.6744,48.6744,48.6825,48.6744
1.33645,48.6636,48.6636,48.6636,48.6717,48.6636
1.34742,48.6526,48.6526,48.6526,48.6608,48.6526
1.35849,48.6415,48.6415,48.6415,48.6498,48.6415
1.36967,48.6303,48.6303,48.6303,48.6388,48.6303
1.38095,48.619,48.619,48.619,48.6276,48.619
1.39234,48.6077,48.6077,48.6077,48.6163,48.6077
1.40385,48.5962,48.5962,48.5962,48.6049,48.5962
1.41546,48.5845,48.5845,48.5845,48.5933,48.5845
1.42718,48.5728,48.5728,48.5728,48.5817,48.5728
1.43902,48.561,48.561,48.561,48.57,48.561
1.45098,48.549,48.549,48.549,48.5581,48.549
1.46305,48.5369,48.5369,48.5369,48.5461,48.5369
1.47525,48.5248,48.5248,48.5248,48.534,48.5248
1.48756,48.5124,48.5124,48.5124,48.5218,48.5124
1.5,48.5,48.5,48.5,48.5095,48.5
1.51256,48.4874,48.4874,48.4874,48.497,48.4874
1.52525,48.4747,48.4747,48.4747,48.4845,48.4747
1.53807,48.4619,48.4619,48.4619,48.4718,48.4619
1.55102,48.449,48.449,48.449,48.4589,48.449
1.5641,48.4359,48.4359,48.4359,48.446,48.4359
1.57732,48.4227,48.4227,48.4227,48.4328,48.4227
1.59067,48.4093,48.4093,48.4093,48.4196,48.4093
1.60417,48.3958,48.3958,48.3958,48.4062,48.3958
1.6178,48.3822,48.3822,48.3822,48.3927,48.3822
1.63158,48.3684,48.3684,48.3684,48.3791,48.3684
1.6455,48.3545,48.3545,48.3545,48.3653,48.3545
1.65957,48.3404,48.3404,48.3404,48.3513,48.3404
1.6738,48.3262,48.3262,48.3262,48.3372,48.3262
1.68817,48.3118,48.3118,48.3118,48.323,48.3118
1.7027,48.2973,48.2973,48.2973,48.3086,48.2973
1.71739,48.2826,48.2826,48.2826,48.294,48.2826
1.73224,48.2678,48.2678,48.2678,48.2793,48.2678
1.74725,48.2527,48.2527,48.2527,48.2644,48.2527
1.76243,48.2376,48.2376,48.2376,48.2494,48.2376
1.77778,48.2222,48.2222,48.2222,48.2342,48.2222
1.7933,48.2067,48.2067,48.2067,48.2188,48.2067
1.80899,48.191,48.191,48.191,48.2033,48.191
1.82486,48.1751,48.1751,48.1751,48.1875,48.1751
1.84091,48.1591,48.1591,48.1591,48.1716,48.1591
1.85714,48.1429,48.1429,48.1429,48.1555,48.1429
1.87356,48.1264,48.1264,48.1264,48.1393,48.1264
1.89017,48.1098,48.1098,48.1098,48.1228,48.1098
1.90698,48.093,48.093,48.093,48.1062,48.093
1.92398,48.076,48.076,48.076,48.0893,48.076
1.94118,48.0588,48.0588,48.0588,48.0723,48.0588
1.95858,48.0414,48.0414,48.0414,48.0551,48.0414
1.97619,48.0238,48.0238,48.0238,48.0376,48.0238
1.99401,48.006,48.006,48.006,48.02,48.006
2.01205,47.988,47.988,47.988,48.0021,47.988
2.0303,47.9697,47.9697,47.9697,47.984,47.9697
2.04878,47.9512,47.9512,47.9512,47.9657,47.9512
2.06748,47.9325,47.9325,47.9325,47.9472,47.9325
2.08642,47.9136,47.9136,47.9136,47.9285,47.9136
2.10559,47.8944,47.8944,47.8944,47.9095,47.8944
2.125,47.875,47.875,47.875,47.8903,47.875
2.14465,47.8553,47.8553,47.8553,47.8708,47.8553
2.16456,47.8354,47.8354,47.8354,47.8511,47.8354
2.18471,47.8153,47.8153,47.8153,47.8312,47.8153
2.20513,47.7949,47.7949,47.7949,47.811,47.7949
2.22581,47.7742,47.7742,47.7742,47.7905,47.7742
2.24675,47.7532,47.7532,47.7532,47.7698,47.7532
2.26797,47.732,47.732,47.732,47.7488,47.732
2.28947,47.7105,47.7105,47.7105,47.7275,47.7105
2.31126,47.6887,47.6887,47.6887,47.7059,47.6887
2.33333,47.6667,47.6667,47.6667,47.6841,47.6667
2.3557,47.6443,47.6443,47.6443,47.6619,47.6443
2.37838,47.6216,47.6216,47.6216,47.6395,47.6216
2.40136,47.5986,47.5986,47.5986,47.6168,47.5986
2.42466,47.5753,47.5753,47.5753,47.5937,47.5753
2.44828,47.5517,47.5517,47.5517,47.5704,47.5517
2.47222,47.5278,47.5278,47.5278,47.5467,47.5278
2.4965,47.5035,47.5035,47.5035,47.5227,47.5035
2.52113,47.4789,47.4789,47.4789,47.4983,47.4789
2.5461,47.4539,47.4539,47.4539,47.4736,47.4539
2.57143,47.4286,47.4286,47.4286,47.4485,47.4286
2.59712,47.4029,47.4029,47.4029,47.4231,47.4029
2.62319,47.3768,47.3768,47.3768,47.3974,47.3768
2.64964,47.3504,47.3504,47.3504,47.3712,47.3504
2.67647,47.3235,47.3235,47.3235,47.3447,47.3235
2.7037,47.2963,47.2963,47.2963,47.3178,47.2963
2.73134,47.2687,47.2687,47.2687,47.2904,47.2687
2.7594,47.2406,47.2406,47.2406,47.2627,47.2406
2.78788,47.2121,47.2121,47.2121,47.2345,47.2121
2.81679,47.1832,47.1832,47.1832,47.206,47.1832
2.84615,47.1538,47.1538,47.1538,47.1769,47.1538
2.87597,47.124,47.124,47.124,47.1475,47.124
2.90625,47.0938,47.0938,47.0938,47.1175,47.0938
2.93701,47.063,47.063,47.063,47.0871,47.063
2.96825,47.0317,47.0317,47.0317,47.0563,47.0317
3,47,47,47,47.0249,47
3.03226,46.9677,46.9677,46.9677,46.993,46.9677
3.06504,46.935,46.935,46.935,46.9606,46.935
3.09836,46.9016,46.9016,46.9016,46.9277,46.9016
3.13223,46.8678,46.8678,46.8678,46.8943,46.8678
3.16667,46.8333,46.8333,46.8333,46.8603,46.8333
3.20168,46.7983,46.7983,46.7983,46.8257,46.7983
3.23729,46.7627,46.7627,46.7627,46.7905,46.7627
3.2735,46.7265,46.7265,46.7265,46.7547,46.7265
3.31034,46.6897,46.6897,46.6897,46.7184,46.6897
3.34783,46.6522,46.6522,46.6522,46.6813,46.6522
3.38596,46.614,46.614,46.614,46.6437,46.614
3.42478,46.5752,46.5752,46.5752,46.6054,46.5752
3.46429,46.5357,46.5357,46.5357,46.5664,46.5357
3.5045,46.4955,46.4955,46.4955,46.5267,46.4955
3.54545,46.4545,46.4545,46.4545,46.4862,46.4545
3.58716,46.4128,46.4128,46.4128,46.4451,46.4128
3.62963,46.3704,46.3704,46.3704,46.4032,46.3704
3.6729,46.3271,46.3271,46.3271,46.3605,46.3271
3.71698,46.283,46.283,46.283,46.317,46.283
3.7619,46.2381,46.2381,46.2381,46.2726,46.2381
3.80769,46.1923,46.1923,46.1923,46.2275,46.1923
3.85437,46.1456,46.1456,46.1456,46.1814,46.1456
3.90196,46.098,46.098,46.098,46.1345,46.098
3.9505,46.0495,46.0495,46.0495,46.0866,46.0495
4,46,46,46,46.0377,46
4.05051,45.9495,45.9495,45.9495,45.9879,45.9495
4.10204,45.898,45.898,45.898,45.9371,45.898
4.15464,45.8454,45.8454,45.8454,45.8852,45.8454
4.20833,45.7917,45.7917,45.7917,45.8323,45.7917
4.26316,45.7368,45.7368,45.7368,45.7782,45.7368
4.31915,45.6809,45.6809,45.6809,45.723,45.6809
4.37634,45.6237,45.6237,45.6237,45.6666,45.6237
4.43478,45.5652,45.5652,45.5652,45.609,45.5652
4.49451,45.5055,45.5055,45.5055,45.5502,45.5055
4.55556,45.4444,45.4444,45.4444,45.49,45.4444
4.61798,45.382,45.382,45.382,45.4285,45.382
4.68182,45.3182,45.3182,45.3182,45.3656,45.3182
4.74713,45.2529,45.2529,45.2529,45.3012,45.2529
4.81395,45.186,45.186,45.186,45.2353,45.186
4.88235,45.1176,45.1176,45.1176,45.1679,45.1176
4.95238,45.0476,45.0476,45.0476,45.099,45.0476
5.0241,44.9759,44.9759,44.9759,45.0283,44.9759
5.09756,44.9024,44.9024,44.9024,44.9559,44.9024
5.17284,44.8272,44.8272,44.8272,44.8818,44.8272
5.25,44.75,44.75,44.75,44.8058,44.75
5.32911,44.6709,44.6709,44.6709,44.7279,44.6709
5.41026,44.5897,44.5897,44.5897,44.6479,44.5897
5.49351,44.5065,44.5065,44.5065,44.566,44.5065
5.57895,44.4211,44.4211,44.4211,44.4818,44.4211
5.66667,44.3333,44.3333,44.3333,44.3954,44.3333
5.75676,44.2432,44.2432,44.2432,44.3067,44.2432
5.84932,44.1507,44.1507,44.1507,44.2156,44.1507
5.94444,44.0556,44.0556,44.0556,44.1219,44.0556
6.04225,43.9577,43.9577,43.9577,44.0257,43.9577
6.14286,43.8571,43.8571,43.8571,43.9266,43.8571
6.24638,43.7536,43.7536,43.7536,43.8247,43.7536
6.35294,43.6471,43.6471,43.6471,43.7198,43.6471
6.46269,43.5373,43.5373,43.5373,43.6118,43.5373
6.57576,43.4242,43.4242,43.4242,43.5005,43.4242
6.69231,43.3077,43.3077,43.3077,43.3858,43.3077
6.8125,43.1875,43.1875,43.1875,43.2675,43.1875
6.93651,43.0635,43.0635,43.0635,43.1454,43.0635
7.06452,42.9355,42.9355,42.9355,43.0194,42.9355
7.19672,42.8033,42.8033,42.8033,42.8893,42.8033
7.33333,42.6667,42.6667,42.6667,42.7548,42.6667
7.47458,42.5254,42.5254,42.5254,42.6158,42.5254
7.62069,42.3793,42.3793,42.3793,42.472,42.3793
7.77193,42.2281,42.2281,42.2281,42.3232,42.2281
7.92857,42.0714,42.0714,42.0714,42.169,42.0714
8.09091,41.9091,41.9091,41.9091,42.0092,41.9091
8.25926,41.7407,41.7407,41.7407,41.8435,41.7407
8.43396,41.566,41.566,41.566,41.6715,41.566
8.61538,41.3846,41.3846,41.3846,41.4929,41.3846
8.80392,41.1961,41.1961,41.1961,41.3072,41.1961
9,41,41,41,41.1142,41
9.20408,40.7959,40.7959,40.7959,40.9132,40.7959
9.41667,40.5833,40.5833,40.5833,40.7038,40.5833
9.6383,40.3617,40.3617,40.3617,40.4855,40.3617
9.86957,40.1304,40.1304,40.1304,40.2577,40.1304
10.1111,39.8889,39.8889,39.8889,40.0197,39.8889
10.3636,39.6364,39.6364,39.6364,39.7709,39.6364
10.6279,39.3721,39.3721,39.3721,39.5105,39.3721
10.9048,39.0952,39.0952,39.0952,39.2375,39.0952
11.1951,38.8049,38.8049,38.8049,38.9513,38.8049
11.5,38.5,38.5,38.5,38.6506,38.5
11.8205,38.1795,38.1795,38.1795,38.3344,38.1795
12.1579,37.8421,37.8421,37.8421,38.0016,37.8421
12.5135,37.4865,37.4865,37.4865,37.6506,37.4865
12.8889,37.1111,37.1111,37.1111,37.28,37.1111
13.2857,36.7143,36.7143,36.7143,36.8882,36.7143
13.7059,36.2941,36.2941,36.2941,36.4731,36.2941
14.1515,35.8485,35.8485,35.8485,36.0327,35.8485
14.625,35.375,35.375,35.375,35.5647,35.375
15.129,34.871,34.871,34.871,35.0662,34.871
15.6667,34.3333,34.3333,34.3333,34.5343,34.3333
16.2414,33.7586,33.7586,33.7586,33.9655,33.7586
16.8571,33.1429,33.1429,33.1429,33.3558,33.1429
17.5185,32.4815,32.4815,32.4815,32.7006,32.4815
18.2308,31.7692,31.7692,31.7692,31.9947,31.7692
19,31,31,31,31.2319,31
19.8333,30.1667,30.1667,30.1667,30.4052,30.1667
20.7391,29.2609,29.2609,29.2609,29.5061,29.2609
21.7273,28.2727,28.2727,28.2727,28.5248,28.2727
22.8095,27.1905,27.1905,27.1905,27.4495,27.1905
24,26,26,26,26.2661,26
25.3158,24.6842,24.6842,24.6842,24.9574,24.6842
26.7778,23.2222,23.2222,23.2222,23.5025,23.2222
28.4118,21.5882,21.5882,21.5882,21.8757,21.5882
30.25,19.75,19.75,19.75,20.0447,19.75
32.3333,17.6667,17.6667,17.6667,17.9685,17.6667
34.7143,15.3219,15.2926,15.3054,15.6141,15.3449
37.4615,12.9858,12.9613,12.9723,13.2289,13.0062
40.6667,10.6832,10.6562,10.6694,10.878,10.6984
44.4545,8.45369,8.42271,8.43814,8.60404,8.47098
49,6.3549,6.32252,6.33858,6.46719,6.37398
54.5556,4.46014,4.43078,4.44525,4.54236,4.47977
61.5,2.8505,2.82871,2.83938,2.91048,2.86425
70.4286,1.59879,1.58762,1.59302,1.64247,1.61293
82.3333,0.744323,0.743169,0.743637,0.774635,0.749074
99,0.2643,0.268291,0.266272,0.282127,0.261966
124,0.0631396,0.0665417,0.0648472,0.0705275,0.0564809
165.667,0.00848261,0.00957298,0.00902717,0.0101817,0.00535718
249,0.000490758,0.000614499,0.000551438,0.000650428,8.39763e-05
499,7.2419e-06,1.03986e-05,8.74557e-06,1.07867e-05,6.34458e-09
0,0,0,0,0,50
